--mobile
INSERT INTO mobile(
        mob_name,
        mob_model,
        mob_type,
        mob_desc,
        create_at,
        update_at
    )
VALUES (
        "iPhone 15",
        "Apple",
        "iPhone",
        "Sample Desc",
        NOW(),
        NOW()
    ),
    (
        "iPhone 14",
        "Apple",
        "iPhone",
        "Sample Desc",
        NOW(),
        NOW()
    ),
    (
        "iPhone 13",
        "Apple",
        "iPhone",
        "Sample Desc",
        NOW(),
        NOW()
    ),
    (
        "Samsung Galaxy Note 10",
        "Samsung",
        "Samsung",
        "Sample Desc",
        NOW(),
        NOW()
    ),
    (
        "Oppo A37",
        "Oppo",
        "Oppo",
        "Sample Desc",
        NOW(),
        NOW()
    ),
    (
        "Xiaomi Redmi Note 8",
        "Xiaomi",
        "Xiaomi",
        "Sample Desc",
        NOW(),
        NOW()
    ),
    (
        "Samsung Galaxy S20",
        "Samsung",
        "Samsung",
        "Sample Desc",
        NOW(),
        NOW()
    ),
    (
        "Google Pixel 6",
        "Google",
        "Google",
        "Sample Desc",
        NOW(),
        NOW()
    ),
    (
        "OnePlus 9 Pro",
        "OnePlus",
        "OnePlus",
        "Sample Desc",
        NOW(),
        NOW()
    ),
    (
        "Huawei P40",
        "Huawei",
        "Huawei",
        "Sample Desc",
        NOW(),
        NOW()
    ),
    (
        "Sony Xperia 5 III",
        "Sony",
        "Sony",
        "Sample Desc",
        NOW(),
        NOW()
    ),
    (
        "LG Velvet",
        "LG",
        "LG",
        "Sample Desc",
        NOW(),
        NOW()
    ),
    (
        "Nokia 9 PureView",
        "Nokia",
        "Nokia",
        "Sample Desc",
        NOW(),
        NOW()
    ),
    (
        "Motorola Moto G Power",
        "Motorola",
        "Motorola",
        "Sample Desc",
        NOW(),
        NOW()
    ),
    (
        "ASUS ROG Phone 5",
        "ASUS",
        "ASUS",
        "Sample Desc",
        NOW(),
        NOW()
    ),
    (
        "BlackBerry Key2",
        "BlackBerry",
        "BlackBerry",
        "Sample Desc",
        NOW(),
        NOW()
    ),
    (
        "Lenovo Legion Phone Duel 2",
        "Lenovo",
        "Lenovo",
        "Sample Desc",
        NOW(),
        NOW()
    ),
    (
        "Vivo X60 Pro",
        "Vivo",
        "Vivo",
        "Sample Desc",
        NOW(),
        NOW()
    ),
    (
        "Realme GT",
        "Realme",
        "Realme",
        "Sample Desc",
        NOW(),
        NOW()
    ),
    (
        "Xiaomi Mi 11 Ultra",
        "Xiaomi",
        "Xiaomi",
        "Sample Desc",
        NOW(),
        NOW()
    ),
    (
        "OnePlus Nord",
        "OnePlus",
        "OnePlus",
        "Sample Desc",
        NOW(),
        NOW()
    ),
    (
        "Samsung Galaxy Z Fold 3",
        "Samsung",
        "Samsung",
        "Sample Desc",
        NOW(),
        NOW()
    ),
    (
        "iPhone 12",
        "Apple",
        "iPhone",
        "Sample Desc",
        NOW(),
        NOW()
    ),
    (
        "Google Pixel 5a",
        "Google",
        "Google",
        "Sample Desc",
        NOW(),
        NOW()
    ),
    (
        "Sony Xperia 1 III",
        "Sony",
        "Sony",
        "Sample Desc",
        NOW(),
        NOW()
    ),
    (
        "Motorola Moto G Stylus",
        "Motorola",
        "Motorola",
        "Sample Desc",
        NOW(),
        NOW()
    ),
    (
        "Huawei Mate 40 Pro",
        "Huawei",
        "Huawei",
        "Sample Desc",
        NOW(),
        NOW()
    ),
    (
        "LG Wing",
        "LG",
        "LG",
        "Sample Desc",
        NOW(),
        NOW()
    ),
    (
        "Nokia 8.3 5G",
        "Nokia",
        "Nokia",
        "Sample Desc",
        NOW(),
        NOW()
    ),
    (
        "ASUS Zenfone 8",
        "ASUS",
        "ASUS",
        "Sample Desc",
        NOW(),
        NOW()
    ),
    (
        "BlackBerry Evolve",
        "BlackBerry",
        "BlackBerry",
        "Sample Desc",
        NOW(),
        NOW()
    ),
    (
        "Lenovo Legion Phone Duel",
        "Lenovo",
        "Lenovo",
        "Sample Desc",
        NOW(),
        NOW()
    ),
    (
        "Vivo X50 Pro",
        "Vivo",
        "Vivo",
        "Sample Desc",
        NOW(),
        NOW()
    ),
    (
        "Realme X7 Pro",
        "Realme",
        "Realme",
        "Sample Desc",
        NOW(),
        NOW()
    ),
    (
        "Xiaomi Mi 10T Pro",
        "Xiaomi",
        "Xiaomi",
        "Sample Desc",
        NOW(),
        NOW()
    ),
    (
        "OnePlus 8T",
        "OnePlus",
        "OnePlus",
        "Sample Desc",
        NOW(),
        NOW()
    ),
    (
        "Samsung Galaxy Note 20 Ultra",
        "Samsung",
        "Samsung",
        "Sample Desc",
        NOW(),
        NOW()
    ),
    (
        "iPhone 11",
        "Apple",
        "iPhone",
        "Sample Desc",
        NOW(),
        NOW()
    ),
    (
        "Google Pixel 4a",
        "Google",
        "Google",
        "Sample Desc",
        NOW(),
        NOW()
    ),
    (
        "Sony Xperia 5 II",
        "Sony",
        "Sony",
        "Sample Desc",
        NOW(),
        NOW()
    ),
    (
        "Motorola Moto G9 Plus",
        "Motorola",
        "Motorola",
        "Sample Desc",
        NOW(),
        NOW()
    ),
    (
        "Huawei P30 Pro",
        "Huawei",
        "Huawei",
        "Sample Desc",
        NOW(),
        NOW()
    ),
    (
        "LG V60 ThinQ",
        "LG",
        "LG",
        "Sample Desc",
        NOW(),
        NOW()
    ),
    (
        "Nokia 7.2",
        "Nokia",
        "Nokia",
        "Sample Desc",
        NOW(),
        NOW()
    ),
    (
        "ASUS ROG Phone 3",
        "ASUS",
        "ASUS",
        "Sample Desc",
        NOW(),
        NOW()
    ),
    (
        "BlackBerry Keyone",
        "BlackBerry",
        "BlackBerry",
        "Sample Desc",
        NOW(),
        NOW()
    ),
    (
        "Lenovo Legion Phone Pro",
        "Lenovo",
        "Lenovo",
        "Sample Desc",
        NOW(),
        NOW()
    ),
    (
        "Vivo V21",
        "Vivo",
        "Vivo",
        "Sample Desc",
        NOW(),
        NOW()
    ),
    (
        "Realme Narzo 30 Pro",
        "Realme",
        "Realme",
        "Sample Desc",
        NOW(),
        NOW()
    ),
    (
        "Xiaomi Redmi Note 9 Pro",
        "Xiaomi",
        "Xiaomi",
        "Sample Desc",
        NOW(),
        NOW()
    ),
    (
        "OnePlus 8 Pro",
        "OnePlus",
        "OnePlus",
        "Sample Desc",
        NOW(),
        NOW()
    ),
    (
        "Samsung Galaxy S21 Ultra",
        "Samsung",
        "Samsung",
        "Sample Desc",
        NOW(),
        NOW()
    ),
    (
        "iPhone SE (2020)",
        "Apple",
        "iPhone",
        "Sample Desc",
        NOW(),
        NOW()
    ),
    (
        "Google Pixel 5",
        "Google",
        "Google",
        "Sample Desc",
        NOW(),
        NOW()
    ),
    (
        "Sony Xperia 10 II",
        "Sony",
        "Sony",
        "Sample Desc",
        NOW(),
        NOW()
    ),
    (
        "Motorola Moto G Power (2021)",
        "Motorola",
        "Motorola",
        "Sample Desc",
        NOW(),
        NOW()
    ),
    (
        "Huawei Mate X2",
        "Huawei",
        "Huawei",
        "Sample Desc",
        NOW(),
        NOW()
    ),
    (
        "LG G8 ThinQ",
        "LG",
        "LG",
        "Sample Desc",
        NOW(),
        NOW()
    ),
    (
        "Nokia 5.3",
        "Nokia",
        "Nokia",
        "Sample Desc",
        NOW(),
        NOW()
    ),
    (
        "ASUS Zenfone 7 Pro",
        "ASUS",
        "ASUS",
        "Sample Desc",
        NOW(),
        NOW()
    ),
    (
        "BlackBerry Motion",
        "BlackBerry",
        "BlackBerry",
        "Sample Desc",
        NOW(),
        NOW()
    ),
    (
        "Lenovo Legion Phone",
        "Lenovo",
        "Lenovo",
        "Sample Desc",
        NOW(),
        NOW()
    ),
    (
        "Vivo Y20",
        "Vivo",
        "Vivo",
        "Sample Desc",
        NOW(),
        NOW()
    ),
    (
        "Realme 8 Pro",
        "Realme",
        "Realme",
        "Sample Desc",
        NOW(),
        NOW()
    ),
    (
        "Xiaomi Poco X3 NFC",
        "Xiaomi",
        "Xiaomi",
        "Sample Desc",
        NOW(),
        NOW()
    ),
    (
        "OnePlus Nord N10",
        "OnePlus",
        "OnePlus",
        "Sample Desc",
        NOW(),
        NOW()
    ),
    (
        "Samsung Galaxy A52",
        "Samsung",
        "Samsung",
        "Sample Desc",
        NOW(),
        NOW()
    ),
    (
        "iPhone XR",
        "Apple",
        "iPhone",
        "Sample Desc",
        NOW(),
        NOW()
    ),
    (
        "Google Pixel 4",
        "Google",
        "Google",
        "Sample Desc",
        NOW(),
        NOW()
    ),
    (
        "Sony Xperia 10 Plus",
        "Sony",
        "Sony",
        "Sample Desc",
        NOW(),
        NOW()
    ),
    (
        "Motorola Moto G Fast",
        "Motorola",
        "Motorola",
        "Sample Desc",
        NOW(),
        NOW()
    ),
    (
        "Huawei P40 Pro",
        "Huawei",
        "Huawei",
        "Sample Desc",
        NOW(),
        NOW()
    ),
    (
        "LG V40 ThinQ",
        "LG",
        "LG",
        "Sample Desc",
        NOW(),
        NOW()
    ),
    (
        "Nokia 6.2",
        "Nokia",
        "Nokia",
        "Sample Desc",
        NOW(),
        NOW()
    ),
    (
        "ASUS Zenfone 6",
        "ASUS",
        "ASUS",
        "Sample Desc",
        NOW(),
        NOW()
    ),
    (
        "BlackBerry Priv",
        "BlackBerry",
        "BlackBerry",
        "Sample Desc",
        NOW(),
        NOW()
    ),
    (
        "Lenovo Legion Phone 2 Pro",
        "Lenovo",
        "Lenovo",
        "Sample Desc",
        NOW(),
        NOW()
    ),
    (
        "Vivo Y15",
        "Vivo",
        "Vivo",
        "Sample Desc",
        NOW(),
        NOW()
    ),
    (
        "Realme 7 Pro",
        "Realme",
        "Realme",
        "Sample Desc",
        NOW(),
        NOW()
    ),
    (
        "Xiaomi Redmi Note 7",
        "Xiaomi",
        "Xiaomi",
        "Sample Desc",
        NOW(),
        NOW()
    ),
    (
        "OnePlus 7T",
        "OnePlus",
        "OnePlus",
        "Sample Desc",
        NOW(),
        NOW()
    ),
    (
        "Samsung Galaxy S20 FE",
        "Samsung",
        "Samsung",
        "Sample Desc",
        NOW(),
        NOW()
    ),
    (
        "iPhone X",
        "Apple",
        "iPhone",
        "Sample Desc",
        NOW(),
        NOW()
    ),
    (
        "Google Pixel 3a",
        "Google",
        "Google",
        "Sample Desc",
        NOW(),
        NOW()
    ),
    (
        "Sony Xperia 8",
        "Sony",
        "Sony",
        "Sample Desc",
        NOW(),
        NOW()
    ),
    (
        "Motorola Moto G8 Power",
        "Motorola",
        "Motorola",
        "Sample Desc",
        NOW(),
        NOW()
    ),
    (
        "Huawei Nova 7i",
        "Huawei",
        "Huawei",
        "Sample Desc",
        NOW(),
        NOW()
    ),
    (
        "LG Stylo 6",
        "LG",
        "LG",
        "Sample Desc",
        NOW(),
        NOW()
    ),
    (
        "Nokia 3.4",
        "Nokia",
        "Nokia",
        "Sample Desc",
        NOW(),
        NOW()
    ),
    (
        "ASUS ROG Phone 2",
        "ASUS",
        "ASUS",
        "Sample Desc",
        NOW(),
        NOW()
    ),
    (
        "BlackBerry Aurora",
        "BlackBerry",
        "BlackBerry",
        "Sample Desc",
        NOW(),
        NOW()
    ),
    (
        "Lenovo Legion Phone 2",
        "Lenovo",
        "Lenovo",
        "Sample Desc",
        NOW(),
        NOW()
    ),
    (
        "Vivo Y12",
        "Vivo",
        "Vivo",
        "Sample Desc",
        NOW(),
        NOW()
    ),
    (
        "Realme 6 Pro",
        "Realme",
        "Realme",
        "Sample Desc",
        NOW(),
        NOW()
    ),
    (
        "Xiaomi Mi Note 10",
        "Xiaomi",
        "Xiaomi",
        "Sample Desc",
        NOW(),
        NOW()
    ),
    (
        "OnePlus 7 Pro",
        "OnePlus",
        "OnePlus",
        "Sample Desc",
        NOW(),
        NOW()
    ),
    (
        "Samsung Galaxy A71",
        "Samsung",
        "Samsung",
        "Sample Desc",
        NOW(),
        NOW()
    );
--Users
INSERT INTO users(
        address,
        birth_day,
        gender,
        user_name,
        create_at,
        update_at
    )
VALUES (
        "District 3, Ho Chi Minh City",
        "1998-05-20",
        "Male",
        "trungtran1",
        NOW(),
        NOW()
    ),
    (
        "District 5, Ho Chi Minh City",
        "1992-10-21",
        "Female",
        "nhuquynh2110",
        NOW(),
        NOW()
    ),
    (
        "District 7, Ho Chi Minh City",
        "1999-09-11",
        "Male",
        "anhdung1109",
        NOW(),
        NOW()
    ),
    (
        "District 10, Ho Chi Minh City",
        "2003-02-05",
        "Female",
        "tuyetnhi0502",
        NOW(),
        NOW()
    ),
    (
        "District 12, Ho Chi Minh City",
        "2003-07-22",
        "Female",
        "trieuan123",
        NOW(),
        NOW()
    ),
    (
        "District 1, Ho Chi Minh City",
        "2003-12-08",
        "Female",
        "khanhlinh11",
        NOW(),
        NOW()
    ),
    (
        "District 2, Ho Chi Minh City",
        "1995-08-17",
        "Male",
        "vietanh1708",
        NOW(),
        NOW()
    ),
    (
        "District 4, Ho Chi Minh City",
        "1990-03-14",
        "Male",
        "ducminh1403",
        NOW(),
        NOW()
    ),
    (
        "District 6, Ho Chi Minh City",
        "1987-06-29",
        "Female",
        "thutrang296",
        NOW(),
        NOW()
    ),
    (
        "District 8, Ho Chi Minh City",
        "1993-09-03",
        "Female",
        "hanhphuc0309",
        NOW(),
        NOW()
    ),
    (
        "District 9, Ho Chi Minh City",
        "1985-12-12",
        "Male",
        "huyhoang1212",
        NOW(),
        NOW()
    ),
    (
        "District 11, Ho Chi Minh City",
        "1997-04-26",
        "Male",
        "namson2604",
        NOW(),
        NOW()
    ),
    (
        "Binh Tan District, Ho Chi Minh City",
        "1994-11-09",
        "Female",
        "ngocmai0911",
        NOW(),
        NOW()
    ),
    (
        "Binh Thanh District, Ho Chi Minh City",
        "1988-02-14",
        "Male",
        "thanhcong1402",
        NOW(),
        NOW()
    ),
    (
        "Tan Binh District, Ho Chi Minh City",
        "1991-07-31",
        "Female",
        "maihoa3107",
        NOW(),
        NOW()
    ),
    (
        "Tan Phu District, Ho Chi Minh City",
        "1996-10-18",
        "Male",
        "dinhquan1810",
        NOW(),
        NOW()
    ),
    (
        "Phu Nhuan District, Ho Chi Minh City",
        "1998-03-25",
        "Female",
        "thuytrang2503",
        NOW(),
        NOW()
    ),
    (
        "Go Vap District, Ho Chi Minh City",
        "1990-06-01",
        "Male",
        "tienquan0106",
        NOW(),
        NOW()
    ),
    (
        "Thu Duc City, Ho Chi Minh City",
        "1989-09-15",
        "Male",
        "vanduc1509",
        NOW(),
        NOW()
    ),
    (
        "Can Gio District, Ho Chi Minh City",
        "1995-12-23",
        "Female",
        "hoangyen2312",
        NOW(),
        NOW()
    ),
    (
        "Cu Chi District, Ho Chi Minh City",
        "1992-05-08",
        "Male",
        "quanminh0805",
        NOW(),
        NOW()
    ),
    (
        "Hoc Mon District, Ho Chi Minh City",
        "1993-08-20",
        "Male",
        "thanhdat2008",
        NOW(),
        NOW()
    ),
    (
        "Nha Be District, Ho Chi Minh City",
        "1997-01-10",
        "Female",
        "ngochuyen1001",
        NOW(),
        NOW()
    ),
    (
        "District 13, Ho Chi Minh City",
        "1996-04-12",
        "Male",
        "vuongbao1204",
        NOW(),
        NOW()
    ),
    (
        "Binh Chanh District, Ho Chi Minh City",
        "1986-11-04",
        "Female",
        "phuongnga0411",
        NOW(),
        NOW()
    ),
    (
        "Cu Chi District, Ho Chi Minh City",
        "1991-02-28",
        "Male",
        "huynghoa2802",
        NOW(),
        NOW()
    ),
    (
        "Hoc Mon District, Ho Chi Minh City",
        "1990-07-09",
        "Female",
        "ngochau0907",
        NOW(),
        NOW()
    ),
    (
        "District 8, Ho Chi Minh City",
        "1993-10-15",
        "Male",
        "vantrung1510",
        NOW(),
        NOW()
    ),
    (
        "District 12, Ho Chi Minh City",
        "1998-01-05",
        "Male",
        "phuongphat0501",
        NOW(),
        NOW()
    ),
    (
        "Thu Duc City, Ho Chi Minh City",
        "1987-04-29",
        "Female",
        "thikim2904",
        NOW(),
        NOW()
    ),
    (
        "District 4, Ho Chi Minh City",
        "1992-09-03",
        "Male",
        "minhhieu0309",
        NOW(),
        NOW()
    ),
    (
        "District 9, Ho Chi Minh City",
        "1999-11-18",
        "Female",
        "thuthao1811",
        NOW(),
        NOW()
    ),
    (
        "District 11, Ho Chi Minh City",
        "1996-06-26",
        "Male",
        "truongtuan2606",
        NOW(),
        NOW()
    ),
    (
        "District 3, Ho Chi Minh City",
        "1985-03-14",
        "Male",
        "ducanh1403",
        NOW(),
        NOW()
    ),
    (
        "District 1, Ho Chi Minh City",
        "1989-08-07",
        "Female",
        "thimai0708",
        NOW(),
        NOW()
    ),
    (
        "District 5, Ho Chi Minh City",
        "1997-12-30",
        "Male",
        "trunghieu3012",
        NOW(),
        NOW()
    ),
    (
        "Binh Tan District, Ho Chi Minh City",
        "1988-05-19",
        "Female",
        "tramngoc1905",
        NOW(),
        NOW()
    ),
    (
        "Binh Thanh District, Ho Chi Minh City",
        "1991-10-02",
        "Male",
        "anhlinh0210",
        NOW(),
        NOW()
    ),
    (
        "Tan Binh District, Ho Chi Minh City",
        "1994-03-26",
        "Male",
        "tuananh2603",
        NOW(),
        NOW()
    ),
    (
        "Tan Phu District, Ho Chi Minh City",
        "1999-08-14",
        "Female",
        "linhchi1408",
        NOW(),
        NOW()
    ),
    (
        "Phu Nhuan District, Ho Chi Minh City",
        "1986-11-27",
        "Male",
        "vanphuc2711",
        NOW(),
        NOW()
    ),
    (
        "Go Vap District, Ho Chi Minh City",
        "1993-02-12",
        "Female",
        "ngoclan1202",
        NOW(),
        NOW()
    ),
    (
        "Thu Duc City, Ho Chi Minh City",
        "1987-07-05",
        "Male",
        "thanhphong0507",
        NOW(),
        NOW()
    ),
    (
        "Can Gio District, Ho Chi Minh City",
        "1990-01-24",
        "Female",
        "ngocdung2401",
        NOW(),
        NOW()
    ),
    (
        "Cu Chi District, Ho Chi Minh City",
        "1995-04-17",
        "Male",
        "vietcuong1704",
        NOW(),
        NOW()
    ),
    (
        "Hoc Mon District, Ho Chi Minh City",
        "1989-09-06",
        "Male",
        "thanhthien0609",
        NOW(),
        NOW()
    ),
    (
        "Nha Be District, Ho Chi Minh City",
        "1992-12-01",
        "Female",
        "hongloan0112",
        NOW(),
        NOW()
    ),
    (
        "District 13, Ho Chi Minh City",
        "1998-05-09",
        "Male",
        "hoainam0905",
        NOW(),
        NOW()
    ),
    (
        "Binh Chanh District, Ho Chi Minh City",
        "1993-10-28",
        "Female",
        "phuongthao2810",
        NOW(),
        NOW()
    ),
    (
        "Cu Chi District, Ho Chi Minh City",
        "1990-01-15",
        "Male",
        "datviet1501",
        NOW(),
        NOW()
    ),
    (
        "Hoc Mon District, Ho Chi Minh City",
        "1995-08-22",
        "Female",
        "lanhuong2208",
        NOW(),
        NOW()
    ),
    (
        "District 8, Ho Chi Minh City",
        "1986-03-17",
        "Male",
        "duongdat1703",
        NOW(),
        NOW()
    ),
    (
        "District 12, Ho Chi Minh City",
        "1987-06-30",
        "Male",
        "tuananh3006",
        NOW(),
        NOW()
    ),
    (
        "Thu Duc City, Ho Chi Minh City",
        "1992-11-16",
        "Female",
        "hongnga1611",
        NOW(),
        NOW()
    ),
    (
        "District 4, Ho Chi Minh City",
        "1997-04-03",
        "Male",
        "ducminh0304",
        NOW(),
        NOW()
    ),
    (
        "District 9, Ho Chi Minh City",
        "1990-07-27",
        "Female",
        "thithanh2707",
        NOW(),
        NOW()
    ),
    (
        "District 11, Ho Chi Minh City",
        "1993-09-13",
        "Male",
        "tuananh1309",
        NOW(),
        NOW()
    ),
    (
        "District 3, Ho Chi Minh City",
        "1996-12-08",
        "Male",
        "minhduc0812",
        NOW(),
        NOW()
    ),
    (
        "District 1, Ho Chi Minh City",
        "1991-03-21",
        "Female",
        "thithao2103",
        NOW(),
        NOW()
    ),
    (
        "District 5, Ho Chi Minh City",
        "1994-06-29",
        "Male",
        "huyhoang2906",
        NOW(),
        NOW()
    ),
    (
        "Binh Tan District, Ho Chi Minh City",
        "1989-09-14",
        "Female",
        "thuylinh1409",
        NOW(),
        NOW()
    ),
    (
        "Binh Thanh District, Ho Chi Minh City",
        "1992-12-11",
        "Male",
        "vietdung1212",
        NOW(),
        NOW()
    ),
    (
        "Tan Binh District, Ho Chi Minh City",
        "1997-01-07",
        "Male",
        "hoanganh0701",
        NOW(),
        NOW()
    ),
    (
        "Tan Phu District, Ho Chi Minh City",
        "1990-04-02",
        "Female",
        "thuytram0204",
        NOW(),
        NOW()
    ),
    (
        "Phu Nhuan District, Ho Chi Minh City",
        "1995-07-19",
        "Male",
        "vandai1907",
        NOW(),
        NOW()
    ),
    (
        "Go Vap District, Ho Chi Minh City",
        "1998-10-23",
        "Female",
        "tuyethong2310",
        NOW(),
        NOW()
    ),
    (
        "Thu Duc City, Ho Chi Minh City",
        "1991-11-01",
        "Male",
        "vanquan0111",
        NOW(),
        NOW()
    ),
    (
        "Can Gio District, Ho Chi Minh City",
        "1987-02-05",
        "Female",
        "thithuy0502",
        NOW(),
        NOW()
    ),
    (
        "Cu Chi District, Ho Chi Minh City",
        "1999-05-18",
        "Male",
        "ductuan1805",
        NOW(),
        NOW()
    ),
    (
        "Hoc Mon District, Ho Chi Minh City",
        "1996-08-09",
        "Male",
        "tuananh0908",
        NOW(),
        NOW()
    ),
    (
        "Nha Be District, Ho Chi Minh City",
        "1988-12-28",
        "Female",
        "thithuy2812",
        NOW(),
        NOW()
    ),
    (
        "District 13, Ho Chi Minh City",
        "1986-03-15",
        "Male",
        "vandung1503",
        NOW(),
        NOW()
    ),
    (
        "Binh Chanh District, Ho Chi Minh City",
        "1990-06-20",
        "Female",
        "huonglinh2006",
        NOW(),
        NOW()
    ),
    (
        "Cu Chi District, Ho Chi Minh City",
        "1993-09-03",
        "Male",
        "vanduong0309",
        NOW(),
        NOW()
    ),
    (
        "Hoc Mon District, Ho Chi Minh City",
        "1997-12-17",
        "Female",
        "tuyethong1712",
        NOW(),
        NOW()
    ),
    (
        "District 8, Ho Chi Minh City",
        "1985-05-29",
        "Male",
        "vanduong2905",
        NOW(),
        NOW()
    ),
    (
        "District 12, Ho Chi Minh City",
        "1988-10-12",
        "Male",
        "honganh1210",
        NOW(),
        NOW()
    ),
    (
        "Thu Duc City, Ho Chi Minh City",
        "1992-01-26",
        "Female",
        "thithanh2601",
        NOW(),
        NOW()
    ),
    (
        "District 4, Ho Chi Minh City",
        "1995-04-09",
        "Male",
        "hoainam0904",
        NOW(),
        NOW()
    ),
    (
        "District 9, Ho Chi Minh City",
        "1989-07-04",
        "Female",
        "hoanganh0407",
        NOW(),
        NOW()
    ),
    (
        "District 11, Ho Chi Minh City",
        "1992-09-29",
        "Male",
        "huyhoang2909",
        NOW(),
        NOW()
    ),
    (
        "District 3, Ho Chi Minh City",
        "1997-12-22",
        "Male",
        "anhquan2212",
        NOW(),
        NOW()
    ),
    (
        "District 1, Ho Chi Minh City",
        "1990-05-05",
        "Female",
        "thanhthao0505",
        NOW(),
        NOW()
    ),
    (
        "District 5, Ho Chi Minh City",
        "1993-08-18",
        "Male",
        "minhduc1808",
        NOW(),
        NOW()
    ),
    (
        "Binh Tan District, Ho Chi Minh City",
        "1998-11-06",
        "Female",
        "tuyetmai0611",
        NOW(),
        NOW()
    ),
    (
        "Binh Thanh District, Ho Chi Minh City",
        "1990-02-28",
        "Male",
        "thanhbinh2802",
        NOW(),
        NOW()
    ),
    (
        "Tan Binh District, Ho Chi Minh City",
        "1995-05-12",
        "Male",
        "tuananh1205",
        NOW(),
        NOW()
    ),
    (
        "Tan Phu District, Ho Chi Minh City",
        "1988-06-04",
        "Female",
        "thanhloan0406",
        NOW(),
        NOW()
    ),
    (
        "Phu Nhuan District, Ho Chi Minh City",
        "1992-09-17",
        "Male",
        "tienthanh1709",
        NOW(),
        NOW()
    ),
    (
        "Go Vap District, Ho Chi Minh City",
        "1997-03-30",
        "Female",
        "thihuong3003",
        NOW(),
        NOW()
    ),
    (
        "Thu Duc City, Ho Chi Minh City",
        "1989-06-11",
        "Male",
        "tuananh1106",
        NOW(),
        NOW()
    ),
    (
        "Can Gio District, Ho Chi Minh City",
        "1993-01-08",
        "Female",
        "thithao0801",
        NOW(),
        NOW()
    ),
    (
        "Cu Chi District, Ho Chi Minh City",
        "1986-04-21",
        "Male",
        "vandat2104",
        NOW(),
        NOW()
    ),
    (
        "Hoc Mon District, Ho Chi Minh City",
        "1991-07-14",
        "Male",
        "thanhtam1407",
        NOW(),
        NOW()
    ),
    (
        "Nha Be District, Ho Chi Minh City",
        "1995-10-19",
        "Female",
        "thutrang1910",
        NOW(),
        NOW()
    ),
    (
        "District 13, Ho Chi Minh City",
        "1988-03-07",
        "Male",
        "tuananh0703",
        NOW(),
        NOW()
    ),
    (
        "Binh Chanh District, Ho Chi Minh City",
        "1991-06-02",
        "Female",
        "thithanh0206",
        NOW(),
        NOW()
    );
--Customers
INSERT INTO customers(
        cus_name,
        mob_id,
        cus_email,
        cus_address,
        cus_gender,
        cus_birth_day,
        create_at,
        update_at
    )
VALUES (
        "DungCho",
        1,
        "DungCho@gmail.com",
        "District 7, Ho Chi Minh City",
        "Male",
        "2001-09-11",
        NOW(),
        NOW()
    ),
    (
        "TrungTran",
        2,
        "TrungTran@gmail.com",
        "District 6, Ho Chi Minh City",
        "Male",
        "2003-06-20",
        NOW(),
        NOW()
    ),
    (
        "AnhDat",
        3,
        "AnhDat@gmail.com",
        "District 5, Ho Chi Minh City",
        "Male",
        "2002-05-11",
        NOW(),
        NOW()
    ),
    (
        "HuyHoang",
        4,
        "HuyHoang@gmail.com",
        "District 4, Ho Chi Minh City",
        "Male",
        "2003-04-12",
        NOW(),
        NOW()
    ),
    (
        "DucChung",
        5,
        "DucChung@gmail.com",
        "District 3, Ho Chi Minh City",
        "Male",
        "2001-03-16",
        NOW(),
        NOW()
    ),
    (
        "TuanAnh",
        6,
        "TuanAnh@gmail.com",
        "District 2, Ho Chi Minh City",
        "Male",
        "2000-11-01",
        NOW(),
        NOW()
    ),
    (
        "VanLinh",
        7,
        "VanLinh@gmail.com",
        "District 1, Ho Chi Minh City",
        "Female",
        "1999-08-25",
        NOW(),
        NOW()
    ),
    (
        "ThiThao",
        8,
        "ThiThao@gmail.com",
        "District 9, Ho Chi Minh City",
        "Female",
        "1998-07-04",
        NOW(),
        NOW()
    ),
    (
        "NgocTrinh",
        9,
        "NgocTrinh@gmail.com",
        "District 8, Ho Chi Minh City",
        "Female",
        "1997-05-14",
        NOW(),
        NOW()
    ),
    (
        "MinhTriet",
        10,
        "MinhTriet@gmail.com",
        "District 10, Ho Chi Minh City",
        "Male",
        "1996-02-28",
        NOW(),
        NOW()
    ),
    (
        "ThanhTung",
        11,
        "ThanhTung@gmail.com",
        "District 11, Ho Chi Minh City",
        "Male",
        "1995-01-21",
        NOW(),
        NOW()
    ),
    (
        "ThuHien",
        12,
        "ThuHien@gmail.com",
        "District 12, Ho Chi Minh City",
        "Female",
        "1994-09-03",
        NOW(),
        NOW()
    ),
    (
        "HongAnh",
        13,
        "HongAnh@gmail.com",
        "Binh Tan District, Ho Chi Minh City",
        "Female",
        "1993-06-15",
        NOW(),
        NOW()
    ),
    (
        "QuocBao",
        14,
        "QuocBao@gmail.com",
        "Binh Thanh District, Ho Chi Minh City",
        "Male",
        "1992-04-27",
        NOW(),
        NOW()
    ),
    (
        "ThuyTrang",
        15,
        "ThuyTrang@gmail.com",
        "Tan Binh District, Ho Chi Minh City",
        "Female",
        "1991-03-09",
        NOW(),
        NOW()
    ),
    (
        "DinhHung",
        16,
        "DinhHung@gmail.com",
        "Tan Phu District, Ho Chi Minh City",
        "Male",
        "1990-01-31",
        NOW(),
        NOW()
    ),
    (
        "HuyenTrang",
        17,
        "HuyenTrang@gmail.com",
        "Phu Nhuan District, Ho Chi Minh City",
        "Female",
        "1989-10-13",
        NOW(),
        NOW()
    ),
    (
        "QuangHieu",
        18,
        "QuangHieu@gmail.com",
        "Go Vap District, Ho Chi Minh City",
        "Male",
        "1988-08-24",
        NOW(),
        NOW()
    ),
    (
        "KimLan",
        19,
        "KimLan@gmail.com",
        "Thu Duc City, Ho Chi Minh City",
        "Female",
        "1987-06-06",
        NOW(),
        NOW()
    ),
    (
        "VietPhong",
        20,
        "VietPhong@gmail.com",
        "Can Gio District, Ho Chi Minh City",
        "Male",
        "1986-04-18",
        NOW(),
        NOW()
    ),
    (
        "ThiLinh",
        21,
        "ThiLinh@gmail.com",
        "Cu Chi District, Ho Chi Minh City",
        "Female",
        "1985-02-28",
        NOW(),
        NOW()
    ),
    (
        "ThanhTuan",
        22,
        "ThanhTuan@gmail.com",
        "Hoc Mon District, Ho Chi Minh City",
        "Male",
        "1984-01-10",
        NOW(),
        NOW()
    ),
    (
        "NguyenDuc",
        23,
        "NguyenDuc@gmail.com",
        "Nha Be District, Ho Chi Minh City",
        "Male",
        "1983-11-22",
        NOW(),
        NOW()
    ),
    (
        "ThiMinh",
        24,
        "ThiMinh@gmail.com",
        "District 13, Ho Chi Minh City",
        "Female",
        "1982-10-04",
        NOW(),
        NOW()
    ),
    (
        "DinhHung",
        25,
        "DinhHung@gmail.com",
        "Binh Chanh District, Ho Chi Minh City",
        "Male",
        "1981-08-16",
        NOW(),
        NOW()
    ),
    (
        "HuyenTrang",
        26,
        "HuyenTrang@gmail.com",
        "Cu Chi District, Ho Chi Minh City",
        "Female",
        "1980-06-28",
        NOW(),
        NOW()
    ),
    (
        "QuangHieu",
        27,
        "QuangHieu@gmail.com",
        "Hoc Mon District, Ho Chi Minh City",
        "Male",
        "1979-05-10",
        NOW(),
        NOW()
    ),
    (
        "KimLan",
        28,
        "KimLan@gmail.com",
        "Nha Be District, Ho Chi Minh City",
        "Female",
        "1978-03-22",
        NOW(),
        NOW()
    ),
    (
        "VietPhong",
        29,
        "VietPhong@gmail.com",
        "District 13, Ho Chi Minh City",
        "Male",
        "1977-02-03",
        NOW(),
        NOW()
    ),
    (
        "ThiLinh",
        30,
        "ThiLinh@gmail.com",
        "Binh Chanh District, Ho Chi Minh City",
        "Female",
        "1976-12-15",
        NOW(),
        NOW()
    ),
    (
        "ThanhTuan",
        31,
        "ThanhTuan@gmail.com",
        "Cu Chi District, Ho Chi Minh City",
        "Male",
        "1975-10-27",
        NOW(),
        NOW()
    ),
    (
        "NguyenDuc",
        32,
        "NguyenDuc@gmail.com",
        "Hoc Mon District, Ho Chi Minh City",
        "Male",
        "1974-09-08",
        NOW(),
        NOW()
    ),
    (
        "ThiMinh",
        33,
        "ThiMinh@gmail.com",
        "Nha Be District, Ho Chi Minh City",
        "Female",
        "1973-07-20",
        NOW(),
        NOW()
    ),
    (
        "DinhHung",
        34,
        "DinhHung@gmail.com",
        "District 13, Ho Chi Minh City",
        "Male",
        "1972-05-02",
        NOW(),
        NOW()
    ),
    (
        "HuyenTrang",
        35,
        "HuyenTrang@gmail.com",
        "Binh Chanh District, Ho Chi Minh City",
        "Female",
        "1971-03-15",
        NOW(),
        NOW()
    ),
    (
        "QuangHieu",
        36,
        "QuangHieu@gmail.com",
        "Cu Chi District, Ho Chi Minh City",
        "Male",
        "1970-01-27",
        NOW(),
        NOW()
    ),
    (
        "KimLan",
        37,
        "KimLan@gmail.com",
        "Hoc Mon District, Ho Chi Minh City",
        "Female",
        "1969-12-09",
        NOW(),
        NOW()
    ),
    (
        "VietPhong",
        38,
        "VietPhong@gmail.com",
        "Nha Be District, Ho Chi Minh City",
        "Male",
        "1968-10-21",
        NOW(),
        NOW()
    ),
    (
        "ThiLinh",
        39,
        "ThiLinh@gmail.com",
        "District 13, Ho Chi Minh City",
        "Female",
        "1967-09-02",
        NOW(),
        NOW()
    ),
    (
        "ThanhTuan",
        40,
        "ThanhTuan@gmail.com",
        "Binh Chanh District, Ho Chi Minh City",
        "Male",
        "1966-07-14",
        NOW(),
        NOW()
    ),
    (
        "NguyenDuc",
        41,
        "NguyenDuc@gmail.com",
        "Cu Chi District, Ho Chi Minh City",
        "Male",
        "1965-05-26",
        NOW(),
        NOW()
    ),
    (
        "ThiMinh",
        42,
        "ThiMinh@gmail.com",
        "Hoc Mon District, Ho Chi Minh City",
        "Female",
        "1964-04-07",
        NOW(),
        NOW()
    ),
    (
        "DinhHung",
        43,
        "DinhHung@gmail.com",
        "Nha Be District, Ho Chi Minh City",
        "Male",
        "1963-02-19",
        NOW(),
        NOW()
    ),
    (
        "HuyenTrang",
        44,
        "HuyenTrang@gmail.com",
        "District 13, Ho Chi Minh City",
        "Female",
        "1962-01-01",
        NOW(),
        NOW()
    ),
    (
        "QuangHieu",
        45,
        "QuangHieu@gmail.com",
        "Binh Chanh District, Ho Chi Minh City",
        "Male",
        "1961-11-13",
        NOW(),
        NOW()
    ),
    (
        "KimLan",
        46,
        "KimLan@gmail.com",
        "Cu Chi District, Ho Chi Minh City",
        "Female",
        "1960-09-25",
        NOW(),
        NOW()
    ),
    (
        "VietPhong",
        47,
        "VietPhong@gmail.com",
        "Hoc Mon District, Ho Chi Minh City",
        "Male",
        "1959-08-07",
        NOW(),
        NOW()
    ),
    (
        "ThiLinh",
        48,
        "ThiLinh@gmail.com",
        "Nha Be District, Ho Chi Minh City",
        "Female",
        "1958-06-19",
        NOW(),
        NOW()
    ),
    (
        "ThanhTuan",
        49,
        "ThanhTuan@gmail.com",
        "District 13, Ho Chi Minh City",
        "Male",
        "1957-04-01",
        NOW(),
        NOW()
    ),
    (
        "NguyenDuc",
        50,
        "NguyenDuc@gmail.com",
        "Binh Chanh District, Ho Chi Minh City",
        "Male",
        "1956-02-13",
        NOW(),
        NOW()
    ),
    (
        "ThiMinh",
        51,
        "ThiMinh@gmail.com",
        "Cu Chi District, Ho Chi Minh City",
        "Female",
        "1955-01-25",
        NOW(),
        NOW()
    ),
    (
        "DinhHung",
        52,
        "DinhHung@gmail.com",
        "Hoc Mon District, Ho Chi Minh City",
        "Male",
        "1954-12-07",
        NOW(),
        NOW()
    ),
    (
        "HuyenTrang",
        53,
        "HuyenTrang@gmail.com",
        "Nha Be District, Ho Chi Minh City",
        "Female",
        "1953-10-19",
        NOW(),
        NOW()
    ),
    (
        "QuangHieu",
        54,
        "QuangHieu@gmail.com",
        "District 13, Ho Chi Minh City",
        "Male",
        "1952-08-31",
        NOW(),
        NOW()
    ),
    (
        "KimLan",
        55,
        "KimLan@gmail.com",
        "Binh Chanh District, Ho Chi Minh City",
        "Female",
        "1951-07-13",
        NOW(),
        NOW()
    ),
    (
        "VietPhong",
        56,
        "VietPhong@gmail.com",
        "Cu Chi District, Ho Chi Minh City",
        "Male",
        "1950-05-25",
        NOW(),
        NOW()
    ),
    (
        "ThiLinh",
        57,
        "ThiLinh@gmail.com",
        "Hoc Mon District, Ho Chi Minh City",
        "Female",
        "1949-04-06",
        NOW(),
        NOW()
    ),
    (
        "ThanhTuan",
        58,
        "ThanhTuan@gmail.com",
        "Nha Be District, Ho Chi Minh City",
        "Male",
        "1948-02-18",
        NOW(),
        NOW()
    ),
    (
        "NguyenDuc",
        59,
        "NguyenDuc@gmail.com",
        "District 13, Ho Chi Minh City",
        "Male",
        "1947-01-31",
        NOW(),
        NOW()
    ),
    (
        "ThiMinh",
        60,
        "ThiMinh@gmail.com",
        "Binh Chanh District, Ho Chi Minh City",
        "Female",
        "1946-12-13",
        NOW(),
        NOW()
    ),
    (
        "DinhHung",
        61,
        "DinhHung@gmail.com",
        "Cu Chi District, Ho Chi Minh City",
        "Male",
        "1945-10-25",
        NOW(),
        NOW()
    ),
    (
        "HuyenTrang",
        62,
        "HuyenTrang@gmail.com",
        "Hoc Mon District, Ho Chi Minh City",
        "Female",
        "1944-09-07",
        NOW(),
        NOW()
    ),
    (
        "QuangHieu",
        63,
        "QuangHieu@gmail.com",
        "Nha Be District, Ho Chi Minh City",
        "Male",
        "1943-07-20",
        NOW(),
        NOW()
    ),
    (
        "KimLan",
        64,
        "KimLan@gmail.com",
        "District 13, Ho Chi Minh City",
        "Female",
        "1942-05-31",
        NOW(),
        NOW()
    ),
    (
        "VietPhong",
        65,
        "VietPhong@gmail.com",
        "Binh Chanh District, Ho Chi Minh City",
        "Male",
        "1941-04-12",
        NOW(),
        NOW()
    ),
    (
        "ThiLinh",
        66,
        "ThiLinh@gmail.com",
        "Cu Chi District, Ho Chi Minh City",
        "Female",
        "1940-02-24",
        NOW(),
        NOW()
    ),
    (
        "ThanhTuan",
        67,
        "ThanhTuan@gmail.com",
        "Hoc Mon District, Ho Chi Minh City",
        "Male",
        "1939-01-05",
        NOW(),
        NOW()
    ),
    (
        "NguyenDuc",
        68,
        "NguyenDuc@gmail.com",
        "Nha Be District, Ho Chi Minh City",
        "Male",
        "1938-11-17",
        NOW(),
        NOW()
    ),
    (
        "ThiMinh",
        69,
        "ThiMinh@gmail.com",
        "District 13, Ho Chi Minh City",
        "Female",
        "1937-09-29",
        NOW(),
        NOW()
    ),
    (
        "DinhHung",
        70,
        "DinhHung@gmail.com",
        "Binh Chanh District, Ho Chi Minh City",
        "Male",
        "1936-08-11",
        NOW(),
        NOW()
    ),
    (
        "HuyenTrang",
        71,
        "HuyenTrang@gmail.com",
        "Cu Chi District, Ho Chi Minh City",
        "Female",
        "1935-06-23",
        NOW(),
        NOW()
    ),
    (
        "QuangHieu",
        72,
        "QuangHieu@gmail.com",
        "Hoc Mon District, Ho Chi Minh City",
        "Male",
        "1934-05-05",
        NOW(),
        NOW()
    ),
    (
        "KimLan",
        73,
        "KimLan@gmail.com",
        "Nha Be District, Ho Chi Minh City",
        "Female",
        "1933-03-17",
        NOW(),
        NOW()
    ),
    (
        "VietPhong",
        74,
        "VietPhong@gmail.com",
        "District 13, Ho Chi Minh City",
        "Male",
        "1932-01-29",
        NOW(),
        NOW()
    ),
    (
        "ThiLinh",
        75,
        "ThiLinh@gmail.com",
        "Binh Chanh District, Ho Chi Minh City",
        "Female",
        "1931-12-11",
        NOW(),
        NOW()
    ),
    (
        "ThanhTuan",
        76,
        "ThanhTuan@gmail.com",
        "Cu Chi District, Ho Chi Minh City",
        "Male",
        "1930-10-23",
        NOW(),
        NOW()
    ),
    (
        "NguyenDuc",
        77,
        "NguyenDuc@gmail.com",
        "Hoc Mon District, Ho Chi Minh City",
        "Male",
        "1929-09-04",
        NOW(),
        NOW()
    ),
    (
        "ThiMinh",
        78,
        "ThiMinh@gmail.com",
        "Nha Be District, Ho Chi Minh City",
        "Female",
        "1928-07-17",
        NOW(),
        NOW()
    ),
    (
        "DinhHung",
        79,
        "DinhHung@gmail.com",
        "District 13, Ho Chi Minh City",
        "Male",
        "1927-05-29",
        NOW(),
        NOW()
    ),
    (
        "HuyenTrang",
        80,
        "HuyenTrang@gmail.com",
        "Binh Chanh District, Ho Chi Minh City",
        "Female",
        "1926-04-10",
        NOW(),
        NOW()
    ),
    (
        "QuangHieu",
        81,
        "QuangHieu@gmail.com",
        "Cu Chi District, Ho Chi Minh City",
        "Male",
        "1925-02-21",
        NOW(),
        NOW()
    ),
    (
        "KimLan",
        82,
        "KimLan@gmail.com",
        "Hoc Mon District, Ho Chi Minh City",
        "Female",
        "1924-01-03",
        NOW(),
        NOW()
    ),
    (
        "VietPhong",
        83,
        "VietPhong@gmail.com",
        "Nha Be District, Ho Chi Minh City",
        "Male",
        "1922-11-15",
        NOW(),
        NOW()
    ),
    (
        "ThiLinh",
        84,
        "ThiLinh@gmail.com",
        "District 13, Ho Chi Minh City",
        "Female",
        "1921-09-27",
        NOW(),
        NOW()
    ),
    (
        "ThanhTuan",
        85,
        "ThanhTuan@gmail.com",
        "Binh Chanh District, Ho Chi Minh City",
        "Male",
        "1920-08-09",
        NOW(),
        NOW()
    ),
    (
        "NguyenDuc",
        86,
        "NguyenDuc@gmail.com",
        "Cu Chi District, Ho Chi Minh City",
        "Male",
        "1919-06-21",
        NOW(),
        NOW()
    ),
    (
        "ThiMinh",
        87,
        "ThiMinh@gmail.com",
        "Hoc Mon District, Ho Chi Minh City",
        "Female",
        "1918-05-03",
        NOW(),
        NOW()
    ),
    (
        "DinhHung",
        88,
        "DinhHung@gmail.com",
        "Nha Be District, Ho Chi Minh City",
        "Male",
        "1917-03-15",
        NOW(),
        NOW()
    ),
    (
        "HuyenTrang",
        89,
        "HuyenTrang@gmail.com",
        "District 13, Ho Chi Minh City",
        "Female",
        "1916-01-27",
        NOW(),
        NOW()
    ),
    (
        "QuangHieu",
        90,
        "QuangHieu@gmail.com",
        "Binh Chanh District, Ho Chi Minh City",
        "Male",
        "1914-12-09",
        NOW(),
        NOW()
    ),
    (
        "KimLan",
        91,
        "KimLan@gmail.com",
        "Cu Chi District, Ho Chi Minh City",
        "Female",
        "1913-10-21",
        NOW(),
        NOW()
    ),
    (
        "VietPhong",
        92,
        "VietPhong@gmail.com",
        "Hoc Mon District, Ho Chi Minh City",
        "Male",
        "1912-09-02",
        NOW(),
        NOW()
    ),
    (
        "ThiLinh",
        93,
        "ThiLinh@gmail.com",
        "Nha Be District, Ho Chi Minh City",
        "Female",
        "1911-07-14",
        NOW(),
        NOW()
    ),
    (
        "ThanhTuan",
        94,
        "ThanhTuan@gmail.com",
        "District 13, Ho Chi Minh City",
        "Male",
        "1910-05-26",
        NOW(),
        NOW()
    ),
    (
        "NguyenDuc",
        95,
        "NguyenDuc@gmail.com",
        "Binh Chanh District, Ho Chi Minh City",
        "Male",
        "1909-04-07",
        NOW(),
        NOW()
    ),
    (
        "ThiMinh",
        96,
        "ThiMinh@gmail.com",
        "Cu Chi District, Ho Chi Minh City",
        "Female",
        "1908-02-19",
        NOW(),
        NOW()
    ),
    (
        "VanThanh",
        97,
        "VanThanh@gmail.com",
        "Hoc Mon District, Ho Chi Minh City",
        "Male",
        "1933-03-17",
        NOW(),
        NOW()
    );
--Payment
INSERT INTO payment(
        mob_id,
        pay_method,
        pay_desc,
        pay_date,
        create_at,
        update_at
    )
VALUES (
        1,
        "Credit card",
        "ConCac",
        "2024-03-10",
        NOW(),
        NOW()
    ),
    (2, "Cast", "ConChim", "2023-05-15", NOW(), NOW()),
    (
        3,
        "Credit card",
        "ConCu",
        "2022-11-19",
        NOW(),
        NOW()
    ),
    (
        4,
        "Credit card",
        "ConCho",
        "2024-01-22",
        NOW(),
        NOW()
    ),
    (5, "Cast", "ConDi", "2024-02-20", NOW(), NOW()),
    (
        6,
        "Credit card",
        "ConEm",
        "2023-07-18",
        NOW(),
        NOW()
    ),
    (7, "Cast", "ConGa", "2023-10-09", NOW(), NOW()),
    (
        8,
        "Credit card",
        "ConGai",
        "2024-06-12",
        NOW(),
        NOW()
    ),
    (9, "Cast", "ConHeo", "2023-12-25", NOW(), NOW()),
    (
        10,
        "Credit card",
        "ConKho",
        "2024-08-30",
        NOW(),
        NOW()
    ),
    (
        11,
        "Credit card",
        "ConMeo",
        "2023-03-14",
        NOW(),
        NOW()
    ),
    (
        12,
        "Cast",
        "ConNguoi",
        "2024-05-06",
        NOW(),
        NOW()
    ),
    (
        13,
        "Credit card",
        "ConOng",
        "2023-09-19",
        NOW(),
        NOW()
    ),
    (14, "Cast", "ConRan", "2024-01-01", NOW(), NOW()),
    (
        15,
        "Credit card",
        "ConRua",
        "2023-06-28",
        NOW(),
        NOW()
    ),
    (16, "Cast", "ConSao", "2024-04-17", NOW(), NOW()),
    (
        17,
        "Credit card",
        "ConSuTu",
        "2023-08-21",
        NOW(),
        NOW()
    ),
    (
        18,
        "Credit card",
        "ConTho",
        "2024-02-13",
        NOW(),
        NOW()
    ),
    (19, "Cast", "ConVit", "2023-11-05", NOW(), NOW()),
    (
        20,
        "Credit card",
        "ConCa",
        "2024-07-08",
        NOW(),
        NOW()
    ),
    (
        21,
        "Credit card",
        "ConMua",
        "2023-04-30",
        NOW(),
        NOW()
    ),
    (
        22,
        "Cast",
        "ConNang",
        "2024-06-22",
        NOW(),
        NOW()
    ),
    (
        23,
        "Credit card",
        "ConGio",
        "2023-10-15",
        NOW(),
        NOW()
    ),
    (
        24,
        "Cast",
        "ConMuaToi",
        "2024-01-28",
        NOW(),
        NOW()
    ),
    (
        25,
        "Credit card",
        "ConBao",
        "2023-07-02",
        NOW(),
        NOW()
    ),
    (
        26,
        "Cast",
        "ConNong",
        "2024-05-24",
        NOW(),
        NOW()
    ),
    (
        27,
        "Credit card",
        "ConLanh",
        "2023-09-07",
        NOW(),
        NOW()
    ),
    (
        28,
        "Credit card",
        "ConNong",
        "2024-02-20",
        NOW(),
        NOW()
    ),
    (
        29,
        "Cast",
        "ConLanh",
        "2023-06-14",
        NOW(),
        NOW()
    ),
    (
        30,
        "Credit card",
        "ConNong",
        "2024-04-06",
        NOW(),
        NOW()
    ),
    (
        31,
        "Cast",
        "ConLanh",
        "2023-08-18",
        NOW(),
        NOW()
    ),
    (
        32,
        "Credit card",
        "ConNong",
        "2024-01-31",
        NOW(),
        NOW()
    ),
    (
        33,
        "Credit card",
        "ConLanh",
        "2023-07-05",
        NOW(),
        NOW()
    ),
    (
        34,
        "Cast",
        "ConNong",
        "2024-05-27",
        NOW(),
        NOW()
    ),
    (
        35,
        "Credit card",
        "ConLanh",
        "2023-09-09",
        NOW(),
        NOW()
    ),
    (
        36,
        "Cast",
        "ConNong",
        "2024-02-22",
        NOW(),
        NOW()
    ),
    (
        37,
        "Credit card",
        "ConLanh",
        "2023-06-16",
        NOW(),
        NOW()
    ),
    (
        38,
        "Credit card",
        "ConNong",
        "2024-04-08",
        NOW(),
        NOW()
    ),
    (
        39,
        "Cast",
        "ConLanh",
        "2023-08-21",
        NOW(),
        NOW()
    ),
    (
        40,
        "Credit card",
        "ConNong",
        "2024-01-02",
        NOW(),
        NOW()
    ),
    (
        41,
        "Cast",
        "ConLanh",
        "2023-05-16",
        NOW(),
        NOW()
    ),
    (
        42,
        "Credit card",
        "ConNong",
        "2024-07-28",
        NOW(),
        NOW()
    ),
    (
        43,
        "Credit card",
        "ConLanh",
        "2023-11-09",
        NOW(),
        NOW()
    ),
    (
        44,
        "Cast",
        "ConNong",
        "2024-03-14",
        NOW(),
        NOW()
    ),
    (
        45,
        "Credit card",
        "ConLanh",
        "2023-07-17",
        NOW(),
        NOW()
    ),
    (
        46,
        "Cast",
        "ConNong",
        "2024-05-30",
        NOW(),
        NOW()
    ),
    (
        47,
        "Credit card",
        "ConLanh",
        "2023-09-11",
        NOW(),
        NOW()
    ),
    (
        48,
        "Cast",
        "ConNong",
        "2024-01-24",
        NOW(),
        NOW()
    ),
    (
        49,
        "Credit card",
        "ConLanh",
        "2023-06-07",
        NOW(),
        NOW()
    ),
    (
        50,
        "Cast",
        "ConNong",
        "2024-04-29",
        NOW(),
        NOW()
    ),
    (
        51,
        "Credit card",
        "ConLanh",
        "2023-08-10",
        NOW(),
        NOW()
    ),
    (
        52,
        "Cast",
        "ConNong",
        "2024-12-12",
        NOW(),
        NOW()
    ),
    (
        53,
        "Credit card",
        "ConLanh",
        "2023-10-23",
        NOW(),
        NOW()
    ),
    (
        54,
        "Credit card",
        "ConNong",
        "2024-03-06",
        NOW(),
        NOW()
    ),
    (
        55,
        "Cast",
        "ConLanh",
        "2023-07-06",
        NOW(),
        NOW()
    ),
    (
        56,
        "Credit card",
        "ConNong",
        "2024-05-18",
        NOW(),
        NOW()
    ),
    (
        57,
        "Cast",
        "ConLanh",
        "2023-09-29",
        NOW(),
        NOW()
    ),
    (
        58,
        "Credit card",
        "ConNong",
        "2024-02-10",
        NOW(),
        NOW()
    ),
    (
        59,
        "Cast",
        "ConLanh",
        "2023-06-14",
        NOW(),
        NOW()
    ),
    (
        60,
        "Credit card",
        "ConNong",
        "2024-04-26",
        NOW(),
        NOW()
    ),
    (
        61,
        "Credit card",
        "ConLanh",
        "2023-08-07",
        NOW(),
        NOW()
    ),
    (
        62,
        "Cast",
        "ConNong",
        "2024-12-09",
        NOW(),
        NOW()
    ),
    (
        63,
        "Credit card",
        "ConLanh",
        "2023-10-21",
        NOW(),
        NOW()
    ),
    (
        64,
        "Cast",
        "ConNong",
        "2024-03-04",
        NOW(),
        NOW()
    ),
    (
        65,
        "Credit card",
        "ConLanh",
        "2023-07-08",
        NOW(),
        NOW()
    ),
    (
        66,
        "Cast",
        "ConNong",
        "2024-05-20",
        NOW(),
        NOW()
    ),
    (
        67,
        "Credit card",
        "ConLanh",
        "2023-09-30",
        NOW(),
        NOW()
    ),
    (
        68,
        "Credit card",
        "ConNong",
        "2024-02-12",
        NOW(),
        NOW()
    ),
    (
        69,
        "Cast",
        "ConLanh",
        "2023-06-15",
        NOW(),
        NOW()
    ),
    (
        70,
        "Credit card",
        "ConNong",
        "2024-04-28",
        NOW(),
        NOW()
    ),
    (
        71,
        "Cast",
        "ConLanh",
        "2023-08-10",
        NOW(),
        NOW()
    ),
    (
        72,
        "Credit card",
        "ConNong",
        "2024-01-22",
        NOW(),
        NOW()
    ),
    (
        73,
        "Cast",
        "ConLanh",
        "2023-05-06",
        NOW(),
        NOW()
    ),
    (
        74,
        "Credit card",
        "ConNong",
        "2024-07-18",
        NOW(),
        NOW()
    ),
    (
        75,
        "Credit card",
        "ConLanh",
        "2023-11-29",
        NOW(),
        NOW()
    ),
    (
        76,
        "Cast",
        "ConNong",
        "2024-03-14",
        NOW(),
        NOW()
    ),
    (
        77,
        "Credit card",
        "ConLanh",
        "2023-07-27",
        NOW(),
        NOW()
    ),
    (
        78,
        "Cast",
        "ConNong",
        "2024-05-09",
        NOW(),
        NOW()
    ),
    (
        79,
        "Credit card",
        "ConLanh",
        "2023-09-20",
        NOW(),
        NOW()
    ),
    (
        80,
        "Cast",
        "ConNong",
        "2024-01-02",
        NOW(),
        NOW()
    ),
    (
        81,
        "Credit card",
        "ConLanh",
        "2023-05-16",
        NOW(),
        NOW()
    ),
    (
        82,
        "Cast",
        "ConNong",
        "2024-07-28",
        NOW(),
        NOW()
    ),
    (
        83,
        "Credit card",
        "ConLanh",
        "2023-11-09",
        NOW(),
        NOW()
    ),
    (
        84,
        "Credit card",
        "ConNong",
        "2024-03-24",
        NOW(),
        NOW()
    ),
    (
        85,
        "Cast",
        "ConLanh",
        "2023-07-06",
        NOW(),
        NOW()
    ),
    (
        86,
        "Credit card",
        "ConNong",
        "2024-05-18",
        NOW(),
        NOW()
    ),
    (
        87,
        "Cast",
        "ConLanh",
        "2023-09-29",
        NOW(),
        NOW()
    ),
    (
        88,
        "Credit card",
        "ConNong",
        "2024-02-10",
        NOW(),
        NOW()
    ),
    (
        89,
        "Cast",
        "ConLanh",
        "2023-06-14",
        NOW(),
        NOW()
    ),
    (
        90,
        "Credit card",
        "ConNong",
        "2024-04-26",
        NOW(),
        NOW()
    ),
    (
        91,
        "Credit card",
        "ConLanh",
        "2023-08-07",
        NOW(),
        NOW()
    ),
    (
        92,
        "Cast",
        "ConNong",
        "2024-12-09",
        NOW(),
        NOW()
    ),
    (
        93,
        "Credit card",
        "ConLanh",
        "2023-10-21",
        NOW(),
        NOW()
    ),
    (
        94,
        "Cast",
        "ConNong",
        "2024-03-04",
        NOW(),
        NOW()
    ),
    (
        95,
        "Credit card",
        "ConLanh",
        "2023-07-08",
        NOW(),
        NOW()
    ),
    (
        96,
        "Cast",
        "ConNong",
        "2024-05-20",
        NOW(),
        NOW()
    ),
    (
        97,
        "Credit card",
        "ConLanh",
        "2023-09-30",
        NOW(),
        NOW()
    );
--Customer_payment
INSERT INTO customer_payment(pay_id, cus_id)
VALUES (1, 2),
    (2, 5),
    (3, 5),
    (4, 76),
    (5, 49),
    (6, 28),
    (7, 14),
    (8, 81),
    (9, 66),
    (10, 40),
    (11, 57),
    (12, 34),
    (13, 24),
    (14, 95),
    (15, 72),
    (16, 69),
    (17, 52),
    (18, 86),
    (19, 19),
    (20, 63),
    (21, 83),
    (22, 33),
    (23, 80),
    (24, 47),
    (25, 13),
    (26, 51),
    (27, 82),
    (28, 98),
    (29, 8),
    (30, 55),
    (31, 65),
    (32, 12),
    (33, 74),
    (34, 97),
    (35, 41),
    (36, 43),
    (37, 31),
    (38, 85),
    (39, 90),
    (40, 46),
    (41, 29),
    (42, 93),
    (43, 17),
    (44, 35),
    (45, 11),
    (46, 79),
    (47, 88),
    (48, 67),
    (49, 26),
    (50, 23),
    (51, 70),
    (52, 7),
    (53, 48),
    (54, 30),
    (55, 59),
    (56, 39),
    (57, 44),
    (58, 50),
    (59, 15),
    (60, 100),
    (61, 62),
    (62, 25),
    (63, 68),
    (64, 87),
    (65, 84),
    (66, 18),
    (67, 22),
    (68, 61),
    (69, 16),
    (70, 75),
    (71, 71),
    (72, 96),
    (73, 54),
    (74, 99),
    (75, 9),
    (76, 73),
    (77, 77),
    (78, 38),
    (79, 92),
    (80, 94),
    (81, 42),
    (82, 60),
    (83, 78),
    (84, 6),
    (85, 37),
    (86, 21),
    (87, 58),
    (88, 36),
    (89, 64),
    (90, 45),
    (91, 53),
    (92, 4),
    (93, 56),
    (94, 89),
    (95, 27),
    (96, 91),
    (97, 3);
--Roles
INSERT INTO roles(
        role_name,
        role_description,
        create_at,
        update_at
    )
VALUES (
        "Admin",
        "Add, delete, edit, update",
        NOW(),
        NOW()
    ),
    ("User", "Read only", NOW(), NOW());
--Transactions
INSERT INTO transactions(
        trans_name,
        trans_type,
        pay_id,
        create_at,
        update_at
    )
VALUES ("Buy by cash", "Buy at store", 4, NOW(), NOW()),
    (
        "Buy by credit card",
        "Buy online",
        5,
        NOW(),
        NOW()
    ),
    ("Buy by cash", "Buy at store", 6, NOW(), NOW()),
    (
        "Buy by credit card",
        "Buy online",
        7,
        NOW(),
        NOW()
    ),
    ("Buy by cash", "Buy at store", 8, NOW(), NOW()),
    (
        "Buy by credit card",
        "Buy online",
        9,
        NOW(),
        NOW()
    ),
    ("Buy by cash", "Buy at store", 10, NOW(), NOW()),
    (
        "Buy by credit card",
        "Buy online",
        11,
        NOW(),
        NOW()
    ),
    ("Buy by cash", "Buy at store", 12, NOW(), NOW()),
    (
        "Buy by credit card",
        "Buy online",
        13,
        NOW(),
        NOW()
    ),
    ("Buy by cash", "Buy at store", 14, NOW(), NOW()),
    (
        "Buy by credit card",
        "Buy online",
        15,
        NOW(),
        NOW()
    ),
    ("Buy by cash", "Buy at store", 16, NOW(), NOW()),
    (
        "Buy by credit card",
        "Buy online",
        17,
        NOW(),
        NOW()
    ),
    ("Buy by cash", "Buy at store", 18, NOW(), NOW()),
    (
        "Buy by credit card",
        "Buy online",
        19,
        NOW(),
        NOW()
    ),
    ("Buy by cash", "Buy at store", 20, NOW(), NOW()),
    (
        "Buy by credit card",
        "Buy online",
        21,
        NOW(),
        NOW()
    ),
    ("Buy by cash", "Buy at store", 22, NOW(), NOW()),
    (
        "Buy by credit card",
        "Buy online",
        23,
        NOW(),
        NOW()
    ),
    ("Buy by cash", "Buy at store", 24, NOW(), NOW()),
    (
        "Buy by credit card",
        "Buy online",
        25,
        NOW(),
        NOW()
    ),
    ("Buy by cash", "Buy at store", 26, NOW(), NOW()),
    (
        "Buy by credit card",
        "Buy online",
        27,
        NOW(),
        NOW()
    ),
    ("Buy by cash", "Buy at store", 28, NOW(), NOW()),
    (
        "Buy by credit card",
        "Buy online",
        29,
        NOW(),
        NOW()
    ),
    ("Buy by cash", "Buy at store", 30, NOW(), NOW()),
    (
        "Buy by credit card",
        "Buy online",
        31,
        NOW(),
        NOW()
    ),
    ("Buy by cash", "Buy at store", 32, NOW(), NOW()),
    (
        "Buy by credit card",
        "Buy online",
        33,
        NOW(),
        NOW()
    ),
    ("Buy by cash", "Buy at store", 34, NOW(), NOW()),
    (
        "Buy by credit card",
        "Buy online",
        35,
        NOW(),
        NOW()
    ),
    ("Buy by cash", "Buy at store", 36, NOW(), NOW()),
    (
        "Buy by credit card",
        "Buy online",
        37,
        NOW(),
        NOW()
    ),
    ("Buy by cash", "Buy at store", 38, NOW(), NOW()),
    (
        "Buy by credit card",
        "Buy online",
        39,
        NOW(),
        NOW()
    ),
    ("Buy by cash", "Buy at store", 40, NOW(), NOW()),
    (
        "Buy by credit card",
        "Buy online",
        41,
        NOW(),
        NOW()
    ),
    ("Buy by cash", "Buy at store", 42, NOW(), NOW()),
    (
        "Buy by credit card",
        "Buy online",
        43,
        NOW(),
        NOW()
    ),
    ("Buy by cash", "Buy at store", 44, NOW(), NOW()),
    (
        "Buy by credit card",
        "Buy online",
        45,
        NOW(),
        NOW()
    ),
    ("Buy by cash", "Buy at store", 46, NOW(), NOW()),
    (
        "Buy by credit card",
        "Buy online",
        47,
        NOW(),
        NOW()
    ),
    ("Buy by cash", "Buy at store", 48, NOW(), NOW()),
    (
        "Buy by credit card",
        "Buy online",
        49,
        NOW(),
        NOW()
    ),
    ("Buy by cash", "Buy at store", 50, NOW(), NOW()),
    (
        "Buy by credit card",
        "Buy online",
        51,
        NOW(),
        NOW()
    ),
    ("Buy by cash", "Buy at store", 52, NOW(), NOW()),
    (
        "Buy by credit card",
        "Buy online",
        53,
        NOW(),
        NOW()
    ),
    ("Buy by cash", "Buy at store", 54, NOW(), NOW()),
    (
        "Buy by credit card",
        "Buy online",
        55,
        NOW(),
        NOW()
    ),
    ("Buy by cash", "Buy at store", 56, NOW(), NOW()),
    (
        "Buy by credit card",
        "Buy online",
        57,
        NOW(),
        NOW()
    ),
    ("Buy by cash", "Buy at store", 58, NOW(), NOW()),
    (
        "Buy by credit card",
        "Buy online",
        59,
        NOW(),
        NOW()
    ),
    ("Buy by cash", "Buy at store", 60, NOW(), NOW()),
    (
        "Buy by credit card",
        "Buy online",
        61,
        NOW(),
        NOW()
    ),
    ("Buy by cash", "Buy at store", 62, NOW(), NOW()),
    (
        "Buy by credit card",
        "Buy online",
        63,
        NOW(),
        NOW()
    ),
    ("Buy by cash", "Buy at store", 64, NOW(), NOW()),
    (
        "Buy by credit card",
        "Buy online",
        65,
        NOW(),
        NOW()
    ),
    ("Buy by cash", "Buy at store", 66, NOW(), NOW()),
    (
        "Buy by credit card",
        "Buy online",
        67,
        NOW(),
        NOW()
    ),
    ("Buy by cash", "Buy at store", 68, NOW(), NOW()),
    (
        "Buy by credit card",
        "Buy online",
        69,
        NOW(),
        NOW()
    ),
    ("Buy by cash", "Buy at store", 70, NOW(), NOW()),
    (
        "Buy by credit card",
        "Buy online",
        71,
        NOW(),
        NOW()
    ),
    ("Buy by cash", "Buy at store", 72, NOW(), NOW()),
    (
        "Buy by credit card",
        "Buy online",
        73,
        NOW(),
        NOW()
    ),
    ("Buy by cash", "Buy at store", 74, NOW(), NOW()),
    (
        "Buy by credit card",
        "Buy online",
        75,
        NOW(),
        NOW()
    ),
    ("Buy by cash", "Buy at store", 76, NOW(), NOW()),
    (
        "Buy by credit card",
        "Buy online",
        77,
        NOW(),
        NOW()
    ),
    ("Buy by cash", "Buy at store", 78, NOW(), NOW()),
    (
        "Buy by credit card",
        "Buy online",
        79,
        NOW(),
        NOW()
    ),
    ("Buy by cash", "Buy at store", 80, NOW(), NOW()),
    (
        "Buy by credit card",
        "Buy online",
        81,
        NOW(),
        NOW()
    ),
    ("Buy by cash", "Buy at store", 82, NOW(), NOW()),
    (
        "Buy by credit card",
        "Buy online",
        83,
        NOW(),
        NOW()
    ),
    ("Buy by cash", "Buy at store", 84, NOW(), NOW()),
    (
        "Buy by credit card",
        "Buy online",
        85,
        NOW(),
        NOW()
    ),
    ("Buy by cash", "Buy at store", 86, NOW(), NOW()),
    (
        "Buy by credit card",
        "Buy online",
        87,
        NOW(),
        NOW()
    ),
    ("Buy by cash", "Buy at store", 88, NOW(), NOW()),
    (
        "Buy by credit card",
        "Buy at store",
        89,
        NOW(),
        NOW()
    ),
    ("Buy by cash", "Buy online", 90, NOW(), NOW()),
    (
        "Buy by credit card",
        "Buy online",
        65,
        NOW(),
        NOW()
    ),
    ("Buy by cash", "Buy at store", 66, NOW(), NOW()),
    (
        "Buy by credit card",
        "Buy online",
        67,
        NOW(),
        NOW()
    ),
    ("Buy by cash", "Buy at store", 68, NOW(), NOW()),
    (
        "Buy by credit card",
        "Buy online",
        69,
        NOW(),
        NOW()
    ),
    ("Buy by cash", "Buy at store", 74, NOW(), NOW());
--Permission
INSERT INTO permission(
        role_id,
        per_module,
        per_name,
        create_at,
        update_at
    )
VALUES (
        1,
        "INVENTORY; SALES; CUSTOMER; SETTING; MANAGE",
        "READ; WRITE; UPDATE; DELETE",
        NOW(),
        NOW()
    ),
    (
        2,
        "INVENTORY; SALES; CUSTOMER",
        "READ",
        NOW(),
        NOW()
    );
--Accounts
INSERT INTO accounts(
        role_id,
        user_name,
        hash_pass,
        create_at,
        update_at,
        user_id
    )
VALUES (
        1,
        'trungtran1',
        '$2a$10$frML2j8uTbr46NqJOKFZVOzrdKm9CAm6GzQK/srWBzq.0304ufADi',
        NULL,
        NULL,
        2
    ),
    (
        2,
        'nhuquynh2110',
        '$2a$10$HCUZjMqMlSOPNPUIG4Oa7OQLuvcAu8ftqYLEVUvt6vSBS8WtP.w/2',
        NULL,
        NULL,
        1
    ),
    (
        2,
        'anhdung1109',
        '$2a$10$XI8W6ncB2JZCE/pKh7q5g.dmJJZQLFSQtm.VeVZesbzJBjP8c.U8u',
        NULL,
        NULL,
        3
    ),
    (
        2,
        'tuyetnhi0502',
        '$2a$10$p8ViCmEztwHn886XVfztJOHUHnXL.EMQ0MVO1p0A0FpPdy.fDgHwe',
        NULL,
        NULL,
        4
    ),
    (
        2,
        'trieuan123',
        '$2a$10$ea8SGMYndleV7fFUiqtzuucGcvoWd9po1dLW8MpPr60S9QzQzzgKy',
        NULL,
        NULL,
        5
    ),
    (
        2,
        'khanhlinh11',
        '$2a$10$9Kpbur77z.m4ojrczjYwRuABIcO8/f5OnHp8zW6YvZjFDssH5aOei',
        NULL,
        NULL,
        6
    ),
    (
        2,
        'vietanh1708',
        '$2a$10$/zcKlgXzKcSFUEIW4uC50O9fTxunJ67ibFLBLhyFihag1oZ3Y.o.O',
        NULL,
        NULL,
        7
    ),
    (
        2,
        'ducminh1403',
        '$2a$10$rjy2cmzWaSU2nxDtPZzqjesmMUuOlZBqCF0TupQsmiWNyX8bsL/p.',
        NULL,
        NULL,
        8
    ),
    (
        2,
        'thutrang296',
        '$2a$10$JTTXCo4RH50hK2yi1mg0Memsm8F7Q5hIa3WnRYQ60Cnc6AzKn2Ml2',
        NULL,
        NULL,
        9
    ),
    (
        2,
        'hanhphuc0309',
        '$2a$10$ApLWF2TBHqzmIyXxROMLAuEE49EPbCQw6QB2l/0cu5woAn6nompUC',
        NULL,
        NULL,
        10
    ),
    (
        2,
        'huyhoang1212',
        '$2a$10$jgrsbSmlXkYfWjbLAxBBmO2VWyAJ5kHiUui4CybTRiavdQ3JE0fYC',
        NULL,
        NULL,
        11
    ),
    (
        2,
        'namson2604',
        '$2a$10$hxZoQi7GrZdjknXyI6gDAO7O/DVr/8st916rBW0/uB5RQokvGsi36',
        NULL,
        NULL,
        12
    ),
    (
        2,
        'ngocmai0911',
        '$2a$10$ktir.UcDx6bMqXKUhFpGze5EedSuy4V2cVYe7LYKnp3s1h.jpJSrm',
        NULL,
        NULL,
        13
    ),
    (
        2,
        'thanhcong1402',
        '$2a$10$nDioyrUSGrcQhB6duwuf3eXFXp6DsdiH3hUZjBxn9raOwxtvAuMuG',
        NULL,
        NULL,
        14
    ),
    (
        2,
        'maihoa3107',
        '$2a$10$KZlTRfV.XW8NamSeN22rNu7ZjlpXvQnr0JCOtCgHIaEpJJqmSlPse',
        NULL,
        NULL,
        15
    ),
    (
        2,
        'dinhquan1810',
        '$2a$10$0qZctmyP1pthD1oHe0D5N.YvSHeIXJe4083H9YYiwSaAS7X91TK7u',
        NULL,
        NULL,
        16
    ),
    (
        2,
        'thuytrang2503',
        '$2a$10$2f2QtVB3sAmiOwCn/tSqBeN8sgop89K2xNEAIm.xBVP5NjQ0kmaG2',
        NULL,
        NULL,
        17
    ),
    (
        2,
        'tienquan0106',
        '$2a$10$WUAaTNVIFcWlhgpaVuBpbeOt4SUDD0s0tneLLRoENh76FiYIFqYVG',
        NULL,
        NULL,
        18
    ),
    (
        2,
        'vanduc1509',
        '$2a$10$ebOkrN3b4cyNW9xpNKvSQuskppLn7pROpBlb/AES7/L.s.T6JfALi',
        NULL,
        NULL,
        19
    ),
    (
        2,
        'hoangyen2312',
        '$2a$10$bhRebfoeb.VugwqgzywNP.Ivt2tCHdl.RRXdV7CMlKHJGWFba7uTC',
        NULL,
        NULL,
        20
    ),
    (
        2,
        'quanminh0805',
        '$2a$10$k6UehQSlTV8AO4wTq63hy.rYBRMZ0JsKtje8k4R2.0Gjb5W2oUXDm',
        NULL,
        NULL,
        21
    ),
    (
        2,
        'thanhdat2008',
        '$2a$10$fZvttz5n./kDKrWtlQY6UOvdraRCpsfOQKQcNMCJuW5oINwAco9iu',
        NULL,
        NULL,
        22
    );